,Max Teff,Mean Teff,Total Teff,Std Teff,Total Reward,Coverage
0,200.78873074167458,40.864309900972394,11442.00677227227,55.747832204517415,279.02777777777777,0.8
