,Max Teff,Mean Teff,Total Teff,Std Teff,Total Reward,Coverage
0,156.5033410231368,112.64816937850051,8110.668195252037,63.55703292399166,93.60582863207577,0.6
