,Max Teff,Mean Teff,Total Teff,Std Teff,Total Reward,Coverage
0,156.04777639021066,14.127271773225742,3009.108887697083,35.99476499316442,3692.5540503965467,0.7
