,Max Teff,Mean Teff,Total Teff,Std Teff,Total Reward,Coverage
0,148.10570024574227,9.268114117117195,861.9346128918992,25.892457844881623,861.9346128978464,1.0
