,Max Teff,Mean Teff,Total Teff,Std Teff,Total Reward,Coverage
0,269.4987446342484,24.235329102011068,5186.360427830368,30.037278680624336,68907524.13351145,0.9
