,Max Teff,Mean Teff,Total Teff,Std Teff,Total Reward,Coverage
0,156.32362271426274,23.397905779279675,1895.2303681216536,45.22935460561261,1895.2303681179724,1.0
